"","constructor_id","start_season","end_season","start_date","end_date","start_round_overall","end_round_overall"
"1","adams",1950,1950,"1950-05-30","1950-05-30",3,3
"2","afm",1952,1953,"1952-05-18","1953-09-13",16,32
"3","ags",1986,1991,"1986-09-07","1991-09-29",433,514
"4","alfa",1950,2023,"1950-05-13","2023-11-26",1,1101
"5","alphatauri",2020,2023,"2020-07-05","2023-11-26",1019,1101
"6","alpine",2021,2025,"2021-03-28","2025-11-23",1036,1147
"7","alta",1950,1952,"1950-05-13","1952-07-19",1,20
"8","amon",1974,1974,"1974-04-28","1974-09-08",239,248
"9","apollon",1977,1977,"1977-09-11","1977-09-11",294,294
"10","arrows",1978,2002,"1978-01-29","2002-07-28",299,692
"11","arzani-volpini",1955,1955,"1955-09-11","1955-09-11",48,48
"12","aston_martin",1959,2025,"1959-05-31","2025-11-23",78,1147
"13","ats",1963,1984,"1963-05-26","1984-10-21",112,404
"14","bar",1999,2005,"1999-03-07","2005-10-16",631,750
"15","behra-porsche",1960,1960,"1960-02-07","1960-09-04",85,93
"16","bellasi",1970,1971,"1970-06-21","1971-09-05",189,206
"17","benetton",1986,2001,"1986-03-23","2001-10-14",421,680
"18","bmw",1952,1953,"1952-08-03","1953-08-02",21,30
"19","bmw_sauber",2006,2009,"2006-03-12","2009-11-01",751,820
"20","boro",1976,1977,"1976-05-02","1977-09-11",268,294
"21","brabham",1962,1992,"1962-08-05","1992-08-16",108,527
"22","brabham-alfa_romeo",1976,1979,"1976-01-25","1979-09-09",265,326
"23","brabham-brm",1964,1966,"1964-05-24","1966-09-04",123,148
"24","brabham-climax",1964,1969,"1964-05-10","1969-09-20",122,182
"25","brabham-ford",1964,1979,"1964-07-11","1979-10-07",126,328
"26","brabham-repco",1966,1969,"1966-05-22","1969-03-01",142,174
"27","brawn",2009,2009,"2009-03-29","2009-11-01",804,820
"28","brm",1951,1977,"1951-07-14","1977-09-11",12,294
"29","brm-ford",1969,1969,"1969-08-03","1969-08-03",180,180
"30","bromme",1951,1952,"1951-05-30","1952-05-30",9,17
"31","brp",1963,1964,"1963-06-09","1964-10-25",113,131
"32","bugatti",1956,1956,"1956-07-01","1956-07-01",53,53
"33","butterworth",1952,1952,"1952-06-22","1952-09-07",18,23
"34","caterham",2012,2014,"2012-03-18","2014-11-23",859,916
"35","cisitalia",1952,1952,"1952-09-07","1952-09-07",23,23
"36","coloni",1987,1991,"1987-09-06","1991-11-03",447,516
"37","connaught",1952,1959,"1952-07-19","1959-12-12",20,84
"38","connew",1972,1972,"1972-08-13","1972-08-13",217,217
"39","cooper",1950,1962,"1950-05-21","1962-07-08",2,106
"40","cooper-alfa_romeo",1962,1962,"1962-12-29","1962-12-29",111,111
"41","cooper-ats",1967,1967,"1967-07-15","1967-07-15",156,156
"42","cooper-borgward",1959,1959,"1959-07-18","1959-12-12",80,84
"43","cooper-brm",1968,1968,"1968-01-01","1968-11-03",162,173
"44","cooper-castellotti",1960,1960,"1960-05-29","1960-11-20",86,94
"45","cooper-climax",1959,1968,"1959-05-10","1968-01-01",76,162
"46","cooper-ferrari",1966,1966,"1966-07-16","1966-08-07",145,147
"47","cooper-ford",1965,1965,"1965-01-01","1965-07-10",132,136
"48","cooper-maserati",1959,1969,"1959-05-10","1969-05-18",76,176
"49","cooper-osca",1959,1959,"1959-12-12","1959-12-12",84,84
"50","dallara",1988,1992,"1988-04-03","1992-11-08",453,532
"51","de_tomaso-alfa_romeo",1961,1962,"1961-09-10","1962-06-03",101,104
"52","de_tomaso-ferrari",1963,1963,"1963-09-08","1963-09-08",118,118
"53","de_tomaso-osca",1961,1962,"1961-07-02","1962-09-16",98,109
"54","deidt",1950,1952,"1950-05-30","1952-05-30",3,17
"55","derrington",1964,1964,"1964-09-06","1964-09-06",129,129
"56","dunn",1957,1959,"1957-05-30","1959-05-30",59,77
"57","eagle-climax",1966,1969,"1966-06-12","1969-09-20",143,182
"58","eagle-weslake",1966,1968,"1966-09-04","1968-09-08",148,170
"59","elder",1959,1959,"1959-05-30","1959-05-30",77,77
"60","emeryson",1956,1962,"1956-07-14","1962-12-29",54,111
"61","emw",1953,1953,"1953-08-02","1953-08-02",30,30
"62","enb",1962,1962,"1962-08-05","1962-08-05",108,108
"63","ensign",1973,1982,"1973-07-01","1982-09-25",228,373
"64","epperly",1955,1960,"1955-05-30","1960-05-30",44,87
"65","era",1950,1952,"1950-05-13","1952-08-17",1,22
"66","eurobrun",1988,1990,"1988-04-03","1990-09-30",453,498
"67","ewing",1950,1960,"1950-05-30","1960-05-30",3,87
"68","ferguson",1961,1961,"1961-07-15","1961-07-15",99,99
"69","ferrari",1950,2025,"1950-05-21","2025-11-23",2,1147
"70","fittipaldi",1975,1982,"1975-01-12","1982-09-25",251,373
"71","fondmetal",1991,1992,"1991-03-10","1992-09-13",501,529
"72","footwork",1991,1996,"1991-03-10","1996-10-13",501,597
"73","force_india",2008,2018,"2008-03-16","2018-11-25",786,997
"74","forti",1995,1996,"1995-03-26","1996-07-14",565,591
"75","frazer_nash",1952,1952,"1952-05-18","1952-08-17",16,22
"76","fry",1959,1959,"1959-07-18","1959-07-18",80,80
"77","gilby",1961,1963,"1961-07-15","1963-09-08",99,118
"78","gordini",1952,1956,"1952-05-18","1956-09-02",16,56
"79","haas",2016,2025,"2016-03-20","2025-11-23",936,1147
"80","hall",1951,1951,"1951-05-30","1951-05-30",9,9
"81","hesketh",1974,1978,"1974-03-30","1978-05-21",238,303
"82","hill",1975,1975,"1975-03-01","1975-10-05",253,264
"83","honda",1964,2008,"1964-08-02","2008-11-02",127,803
"84","hrt",2010,2012,"2010-03-14","2012-11-25",821,878
"85","hwm",1951,1955,"1951-05-27","1955-05-22",8,43
"86","iso_marlboro",1973,1974,"1973-01-28","1974-10-06",221,250
"87","jaguar",2000,2004,"2000-03-12","2004-10-24",647,731
"88","jbw",1959,1961,"1959-07-18","1961-09-10",80,101
"89","jordan",1991,2005,"1991-03-10","2005-10-16",501,750
"90","kauhsen",1979,1979,"1979-04-29","1979-05-13",318,319
"91","klenk",1954,1954,"1954-08-01","1954-08-01",38,38
"92","kojima",1976,1977,"1976-10-24","1977-10-23",280,297
"93","kurtis_kraft",1950,1960,"1950-05-30","1960-05-30",3,87
"94","kuzma",1951,1960,"1951-05-30","1960-05-30",9,87
"95","lago",1950,1951,"1950-05-13","1951-10-28",1,15
"96","lambo",1991,1991,"1991-03-10","1991-11-03",501,516
"97","lancia",1954,1955,"1954-10-24","1955-06-05",41,45
"98","langley",1950,1950,"1950-05-30","1950-05-30",3,3
"99","larrousse",1987,1994,"1987-05-03","1994-11-13",438,564
"100","lds",1962,1968,"1962-12-29","1968-01-01",111,162
"101","lds-alfa_romeo",1965,1965,"1965-01-01","1965-01-01",132,132
"102","lds-climax",1965,1967,"1965-01-01","1967-01-02",132,151
"103","lec",1977,1977,"1977-05-08","1977-07-16",285,290
"104","lesovsky",1950,1960,"1950-05-30","1960-05-30",3,87
"105","leyton",1990,1991,"1990-03-11","1991-11-03",485,516
"106","life",1990,1990,"1990-03-11","1990-09-30",485,498
"107","ligier",1976,1996,"1976-01-25","1996-10-13",265,597
"108","lola",1962,1997,"1962-05-20","1997-03-09",103,598
"109","lotus-borgward",1962,1963,"1962-09-16","1963-08-04",109,117
"110","lotus-brm",1962,1967,"1962-06-03","1967-10-22",104,161
"111","lotus-climax",1961,1967,"1961-05-14","1967-05-07",95,152
"112","lotus-ford",1963,1971,"1963-12-28","1971-10-03",121,208
"113","lotus-maserati",1961,1963,"1961-09-10","1963-09-08",101,118
"114","lotus-pw",1971,1971,"1971-06-20","1971-09-05",201,206
"115","lotus_f1",2012,2015,"2012-03-18","2015-11-29",859,935
"116","lotus_racing",2010,2011,"2010-03-14","2011-11-27",821,858
"117","lyncar",1974,1975,"1974-07-20","1975-07-19",245,260
"118","maki",1974,1976,"1974-07-20","1976-10-24",245,280
"119","manor",2015,2016,"2015-03-29","2016-11-27",918,956
"120","march",1970,1992,"1970-03-07","1992-11-08",185,532
"121","march-alfa_romeo",1971,1971,"1971-03-06","1971-10-03",198,208
"122","march-ford",1971,1971,"1971-03-06","1971-10-03",198,208
"123","marchese",1950,1951,"1950-05-30","1951-05-30",3,9
"124","martini",1978,1978,"1978-03-04","1978-10-01",300,312
"125","marussia",2012,2014,"2012-03-18","2014-10-12",859,913
"126","maserati",1950,1960,"1950-05-13","1960-11-20",1,94
"127","matra",1967,1972,"1967-05-07","1972-10-08",152,220
"128","matra-ford",1968,1969,"1968-01-01","1969-10-19",162,184
"129","mbm",1961,1961,"1961-08-06","1961-08-06",100,100
"130","mcguire",1977,1977,"1977-07-16","1977-07-16",290,290
"131","mclaren",1968,2025,"1968-08-04","2025-11-23",169,1147
"132","mclaren-alfa_romeo",1970,1970,"1970-04-19","1970-10-04",186,196
"133","mclaren-brm",1967,1968,"1967-05-07","1968-10-06",152,172
"134","mclaren-ford",1966,1970,"1966-05-22","1970-10-25",142,197
"135","mclaren-seren",1966,1966,"1966-06-12","1966-07-16",143,145
"136","mercedes",1954,2025,"1954-07-04","2025-11-23",36,1147
"137","merzario",1978,1979,"1978-01-15","1979-10-07",298,328
"138","meskowski",1960,1960,"1960-05-30","1960-05-30",87,87
"139","mf1",2006,2006,"2006-03-12","2006-08-27",751,764
"140","milano",1950,1950,"1950-09-03","1950-09-03",7,7
"141","minardi",1985,2005,"1985-04-07","2005-10-16",405,750
"142","moda",1992,1992,"1992-05-03","1992-08-30",520,528
"143","moore",1950,1959,"1950-05-30","1959-05-30",3,77
"144","nichels",1950,1954,"1950-05-30","1954-05-31",3,34
"145","olson",1950,1950,"1950-05-30","1950-05-30",3,3
"146","onyx",1989,1990,"1989-03-26","1990-08-12",469,494
"147","osca",1951,1958,"1951-09-16","1958-05-18",14,66
"148","osella",1980,1990,"1980-01-13","1990-11-04",329,500
"149","pacific",1994,1995,"1994-03-27","1995-11-12",549,581
"150","pankratz",1954,1955,"1954-05-31","1955-05-30",34,44
"151","parnelli",1974,1976,"1974-09-22","1976-03-28",249,267
"152","pawl",1951,1955,"1951-05-30","1955-05-30",9,44
"153","penske",1974,1977,"1974-09-22","1977-10-09",249,296
"154","phillips",1954,1960,"1954-05-31","1960-05-30",34,87
"155","politoys",1972,1972,"1972-07-15","1972-07-15",215,215
"156","porsche",1957,1964,"1957-08-04","1964-05-24",62,123
"157","prost",1997,2001,"1997-03-09","2001-10-14",598,680
"158","protos",1967,1967,"1967-08-06","1967-08-06",157,157
"159","racing_point",2019,2020,"2019-03-17","2020-12-13",998,1035
"160","rae",1950,1950,"1950-05-30","1950-05-30",3,3
"161","ram",1983,1985,"1983-03-13","1985-10-06",374,418
"162","rb",2024,2025,"2024-03-02","2025-11-23",1102,1147
"163","re",1965,1965,"1965-01-01","1965-01-01",132,132
"164","rebaque",1979,1979,"1979-09-09","1979-10-07",326,328
"165","red_bull",2005,2025,"2005-03-06","2025-11-23",732,1147
"166","renault",1977,2020,"1977-07-16","2020-12-13",290,1035
"167","rial",1988,1989,"1988-04-03","1989-11-05",453,484
"168","sauber",1993,2025,"1993-03-14","2025-11-23",533,1147
"169","scarab",1960,1960,"1960-05-29","1960-11-20",86,94
"170","schroeder",1951,1955,"1951-05-30","1955-05-30",9,44
"171","scirocco",1963,1964,"1963-05-26","1964-08-02",112,127
"172","shadow",1973,1980,"1973-03-03","1980-06-29",223,335
"173","shadow-ford",1975,1975,"1975-01-12","1975-10-05",251,264
"174","shadow-matra",1975,1975,"1975-08-17","1975-09-07",262,263
"175","shannon",1966,1966,"1966-07-16","1966-07-16",145,145
"176","sherman",1951,1952,"1951-05-30","1952-05-30",9,17
"177","simca",1950,1953,"1950-05-21","1953-06-21",2,27
"178","simtek",1994,1995,"1994-03-27","1995-05-28",549,569
"179","snowberger",1950,1950,"1950-05-30","1950-05-30",3,3
"180","spirit",1983,1985,"1983-07-16","1985-05-05",382,407
"181","spyker",2007,2007,"2007-03-18","2007-10-21",769,785
"182","spyker_mf1",2006,2006,"2006-09-10","2006-10-22",765,768
"183","stebro",1963,1963,"1963-10-06","1963-10-06",119,119
"184","stevens",1950,1956,"1950-05-30","1956-05-30",3,51
"185","stewart",1997,1999,"1997-03-09","1999-10-31",598,646
"186","super_aguri",2006,2008,"2006-03-12","2008-04-27",751,789
"187","surtees",1970,1978,"1970-07-18","1978-10-08",191,313
"188","sutton",1959,1959,"1959-05-30","1959-05-30",77,77
"189","team_lotus",1958,1994,"1958-05-18","1994-11-13",66,564
"190","tec-mec",1959,1959,"1959-12-12","1959-12-12",84,84
"191","tecno",1972,1973,"1972-06-04","1973-07-29",213,230
"192","theodore",1978,1983,"1978-01-15","1983-09-25",298,387
"193","token",1974,1974,"1974-05-12","1974-08-18",240,247
"194","toleman",1981,1985,"1981-05-03","1985-11-03",346,420
"195","tomaso",1962,1970,"1962-09-16","1970-10-04",109,196
"196","toro_rosso",2006,2019,"2006-03-12","2019-12-01",751,1018
"197","toyota",2002,2009,"2002-03-03","2009-11-01",681,820
"198","trevis",1951,1960,"1951-05-30","1960-05-30",9,87
"199","trojan",1974,1974,"1974-04-28","1974-09-08",239,248
"200","turner",1953,1953,"1953-05-30","1953-05-30",25,25
"201","tyrrell",1970,1998,"1970-09-20","1998-11-01",195,630
"202","vanwall",1954,1960,"1954-07-17","1960-07-03",37,90
"203","veritas",1951,1953,"1951-05-27","1953-08-02",8,30
"204","vhristensen",1959,1960,"1959-05-30","1960-05-30",77,87
"205","virgin",2010,2011,"2010-03-14","2011-11-27",821,858
"206","watson",1950,1960,"1950-05-30","1960-05-30",3,87
"207","wetteroth",1950,1950,"1950-05-30","1950-05-30",3,3
"208","williams",1975,2025,"1975-01-12","2025-11-23",251,1147
"209","wolf",1976,1979,"1976-01-25","1979-10-07",265,328
"210","zakspeed",1985,1989,"1985-04-21","1989-11-05",406,484
